zone_id,deformation_mm,coherence,ndvi_change,acquisition_date,orbit_direction,polarization
Z01,3.73,0.62,-0.032,2026-10-03,ASCENDING,VV+VH
Z02,1.07,0.77,-0.026,2026-10-03,ASCENDING,VV+VH
Z03,2.04,0.82,-0.029,2026-10-03,ASCENDING,VV+VH
Z04,3.24,0.6,-0.032,2026-10-03,ASCENDING,VV+VH
Z05,3.93,0.67,-0.046,2026-10-03,ASCENDING,VV+VH
Z06,2.62,0.72,-0.029,2026-10-03,ASCENDING,VV+VH
Z07,1.39,0.76,-0.029,2026-10-03,ASCENDING,VV+VH
Z08,2.31,0.8,-0.03,2026-10-03,ASCENDING,VV+VH
Z09,1.85,0.78,-0.027,2026-10-03,ASCENDING,VV+VH
Z10,1.23,0.78,-0.025,2026-10-03,ASCENDING,VV+VH
Z11,2.95,0.72,-0.033,2026-10-03,ASCENDING,VV+VH
Z12,3.29,0.74,-0.036,2026-10-03,ASCENDING,VV+VH
Z13,1.98,0.74,-0.028,2026-10-03,ASCENDING,VV+VH
Z14,1.83,0.75,-0.029,2026-10-03,ASCENDING,VV+VH
Z15,4.7,0.6,-0.038,2026-10-03,ASCENDING,VV+VH
Z16,1.01,0.75,-0.025,2026-10-03,ASCENDING,VV+VH
Z17,4.3,0.64,-0.055,2026-10-03,ASCENDING,VV+VH
Z18,2.18,0.8,-0.027,2026-10-03,ASCENDING,VV+VH
Z19,2.65,0.66,-0.032,2026-10-03,ASCENDING,VV+VH
Z20,4.66,0.67,-0.039,2026-10-03,ASCENDING,VV+VH
Z21,0.93,0.7,-0.024,2026-10-03,ASCENDING,VV+VH
Z22,0.14,0.74,-0.021,2026-10-03,ASCENDING,VV+VH
Z23,3.33,0.73,-0.034,2026-10-03,ASCENDING,VV+VH
Z24,2.24,0.75,-0.028,2026-10-03,ASCENDING,VV+VH
Z25,1.99,0.67,-0.028,2026-10-03,ASCENDING,VV+VH
Z26,1.94,0.73,-0.029,2026-10-03,ASCENDING,VV+VH
Z27,3.43,0.72,-0.032,2026-10-03,ASCENDING,VV+VH
Z28,0.65,0.73,-0.024,2026-10-03,ASCENDING,VV+VH
Z29,4.95,0.64,-0.052,2026-10-03,ASCENDING,VV+VH
Z30,2.29,0.76,-0.028,2026-10-03,ASCENDING,VV+VH
Z31,1.55,0.79,-0.029,2026-10-03,ASCENDING,VV+VH
Z32,5.17,0.64,-0.041,2026-10-03,ASCENDING,VV+VH
Z33,2.5,0.72,-0.029,2026-10-03,ASCENDING,VV+VH
Z34,2.96,0.74,-0.03,2026-10-03,ASCENDING,VV+VH
Z35,0.68,0.77,-0.023,2026-10-03,ASCENDING,VV+VH
Z36,1.32,0.81,-0.025,2026-10-03,ASCENDING,VV+VH
Z37,0.87,0.73,-0.027,2026-10-03,ASCENDING,VV+VH
Z38,0.9,0.72,-0.026,2026-10-03,ASCENDING,VV+VH
Z39,2.21,0.78,-0.029,2026-10-03,ASCENDING,VV+VH
Z40,1.9,0.72,-0.03,2026-10-03,ASCENDING,VV+VH
Z41,5.51,0.64,-0.05,2026-10-03,ASCENDING,VV+VH
Z42,2.39,0.66,-0.028,2026-10-03,ASCENDING,VV+VH
Z43,1.32,0.73,-0.027,2026-10-03,ASCENDING,VV+VH
Z44,3.9,0.65,-0.037,2026-10-03,ASCENDING,VV+VH
Z45,0.85,0.72,-0.023,2026-10-03,ASCENDING,VV+VH
Z46,1.64,0.75,-0.026,2026-10-03,ASCENDING,VV+VH
Z47,3.81,0.71,-0.034,2026-10-03,ASCENDING,VV+VH
Z48,2.56,0.62,-0.029,2026-10-03,ASCENDING,VV+VH
