latitude,longitude,date,severity,source,occurrence
25.538234200428008,94.14207708619216,2020-07-15,2,SYNTHETIC,1
25.651440100243526,91.81398448896815,2020-07-15,3,SYNTHETIC,1
24.8238169352545,93.97634652409756,2020-07-15,3,SYNTHETIC,1
24.303788214837724,93.45382364527704,2020-07-15,3,SYNTHETIC,1
22.905433865303824,92.77210682770338,2020-07-15,2,SYNTHETIC,1
23.688453681259862,92.60288527117694,2020-07-15,2,SYNTHETIC,1
26.12136451294,91.72960847493161,2020-07-15,2,SYNTHETIC,1
22.926622299549475,92.72728362745825,2020-07-15,1,SYNTHETIC,1
25.60063309438649,94.1549897081796,2020-07-15,2,SYNTHETIC,1
27.018067030461037,93.61121357466024,2020-07-15,2,SYNTHETIC,1
27.70900066820367,91.8462991296481,2020-07-15,2,SYNTHETIC,1
22.97640055424169,92.6856469619539,2020-07-15,2,SYNTHETIC,1
27.372445215031554,88.59512737167621,2020-07-15,3,SYNTHETIC,1
27.144508887149108,93.55667868404664,2020-07-15,3,SYNTHETIC,1
24.89548750654199,93.82288507516573,2020-07-15,3,SYNTHETIC,1
26.222457424402734,91.83794432926156,2020-07-15,1,SYNTHETIC,1
25.280425718761002,91.73826884613541,2020-07-15,1,SYNTHETIC,1
22.853881228205008,92.69395157755578,2020-07-15,1,SYNTHETIC,1
