zone_id,sar_backscatter_db,coherence,deformation_mm,ndvi_change,acquisition_date,mode
Z01,-13.72,0.406,2.62,0.021,2026-10-03,DEMO
Z02,-14.21,0.733,0.0,-0.125,2026-10-03,DEMO
Z03,-11.05,0.837,0.0,-0.006,2026-10-03,DEMO
Z04,-11.32,0.753,5.64,-0.078,2026-10-03,DEMO
Z05,-11.85,0.659,0.0,-0.004,2026-10-03,DEMO
Z06,-14.11,0.819,3.04,0.027,2026-10-03,DEMO
Z07,-12.17,0.803,0.0,-0.092,2026-10-03,DEMO
Z08,-15.15,1.0,0.0,0.035,2026-10-03,DEMO
Z09,-10.68,0.875,0.0,-0.035,2026-10-03,DEMO
Z10,-10.19,0.942,0.0,0.008,2026-10-03,DEMO
Z11,-9.9,0.72,0.26,0.014,2026-10-03,DEMO
Z12,-13.28,0.808,0.0,0.021,2026-10-03,DEMO
Z13,-12.12,0.698,0.0,-0.069,2026-10-03,DEMO
Z14,-14.76,0.665,0.0,-0.016,2026-10-03,DEMO
Z15,-11.48,0.655,10.02,-0.127,2026-10-03,DEMO
Z16,-10.0,0.627,0.0,-0.02,2026-10-03,DEMO
Z17,-9.52,0.716,0.0,-0.121,2026-10-03,DEMO
Z18,-10.66,0.679,0.0,-0.065,2026-10-03,DEMO
Z19,-10.99,0.557,0.0,-0.086,2026-10-03,DEMO
Z20,-11.89,0.419,1.22,0.009,2026-10-03,DEMO
Z21,-14.97,0.8,0.97,-0.062,2026-10-03,DEMO
Z22,-12.91,0.754,0.0,-0.009,2026-10-03,DEMO
Z23,-12.53,0.73,0.0,-0.018,2026-10-03,DEMO
Z24,-11.77,0.613,0.0,0.02,2026-10-03,DEMO
Z25,-11.73,0.567,7.8,-0.003,2026-10-03,DEMO
Z26,-12.94,0.717,0.0,-0.073,2026-10-03,DEMO
Z27,-13.96,0.827,0.0,0.028,2026-10-03,DEMO
Z28,-12.58,0.636,0.0,0.006,2026-10-03,DEMO
Z29,-13.86,0.667,0.0,-0.074,2026-10-03,DEMO
Z30,-15.22,0.595,0.0,-0.018,2026-10-03,DEMO
Z31,-8.33,0.76,0.0,-0.049,2026-10-03,DEMO
Z32,-16.05,0.596,2.36,0.009,2026-10-03,DEMO
Z33,-17.03,0.73,0.0,-0.113,2026-10-03,DEMO
Z34,-10.69,0.831,0.0,-0.055,2026-10-03,DEMO
Z35,-11.34,0.79,0.0,-0.052,2026-10-03,DEMO
Z36,-13.64,0.596,0.0,-0.054,2026-10-03,DEMO
Z37,-17.38,0.632,0.0,-0.006,2026-10-03,DEMO
Z38,-9.99,0.9,0.0,-0.07,2026-10-03,DEMO
Z39,-11.49,0.687,0.0,0.001,2026-10-03,DEMO
Z40,-13.1,0.711,0.0,-0.086,2026-10-03,DEMO
Z41,-14.6,0.511,2.11,0.057,2026-10-03,DEMO
Z42,-12.09,0.683,5.62,-0.01,2026-10-03,DEMO
Z43,-13.92,0.576,4.02,0.033,2026-10-03,DEMO
Z44,-12.8,0.583,0.0,0.001,2026-10-03,DEMO
Z45,-11.89,0.707,0.0,-0.105,2026-10-03,DEMO
Z46,-11.41,0.898,0.0,-0.022,2026-10-03,DEMO
Z47,-12.48,0.883,0.0,-0.011,2026-10-03,DEMO
Z48,-12.97,0.582,13.43,-0.008,2026-10-03,DEMO
