zone_id,name,district,state,lat,lon,elevation,slope,aspect,curvature,ruggedness,soil_code,geology_code,ndvi,dist_road_km,ls_density
Z01,Kohima Sector 1,Kohima,Nagaland,25.538234200428008,94.14207708619216,1219.573914611654,35.1280454693665,96.92742140499684,0.9598675644225113,0.8840845323442468,2.0,0.0,0.6496370554419517,0.2697250566799647,0.0018739780127995005
Z02,Shillong Sector 1,East Khasi Hills,Meghalaya,25.651440100243526,91.81398448896815,2688.47415277263,8.946385834436883,172.56376427652762,0.9286131025316402,0.09887832491419299,2.0,2.0,0.6584620536173446,3.401231541070311,0.20522274401531757
Z03,Aizawl Sector 1,Aizawl,Mizoram,23.772790819344188,92.6802252344041,1766.5236019290278,2.98445314685595,255.144232331661,-0.5955322797133378,0.336993566863141,3.0,2.0,0.720057660896601,1.360084788462255,0.20560960581153107
Z04,Gangtok Sector 1,Gangtok,Sikkim,27.350459617869365,88.62784113887297,842.3076751882588,36.20908004664677,147.83501552112355,0.3644639339185024,0.6772632414715312,2.0,3.0,0.3923600225119377,2.595558986125725,0.004308852145244146
Z05,Itanagar Sector 1,Papum Pare,Arunachal Pradesh,27.049799709371584,93.55886475188328,924.6043274714823,13.409964772002006,149.85089363963826,-0.5833160521306701,0.3783579855471585,2.0,1.0,0.5695358485229086,0.3530392293746138,0.03262120507265117
Z06,Imphal Sector 1,Imphal West,Manipur,24.8238169352545,93.97634652409756,2590.41331367866,19.31714209984893,219.2913093397895,-1.729005727495966,0.17617304721661844,1.0,0.0,0.5364561195856898,0.8880057689719527,0.02803230165834964
Z07,Guwahati Sector 1,Kamrup Metro,Assam,26.236194792346474,91.61280426459,806.2430658190636,8.913188020945046,47.96980036786629,-1.2915216882929146,0.07609856056179255,3.0,1.0,0.5759382915444214,1.6971410450982298,0.004296047059773155
Z08,Tawang Sector 1,Tawang,Arunachal Pradesh,27.600356115865125,91.87717524445031,991.6082813350457,5.79143796200728,168.8933497962897,0.07009468781704542,0.21521070696583927,0.0,3.0,0.8316834733754371,6.379437253268156,0.07280086381946597
Z09,Churachandpur Sector 1,Churachandpur,Manipur,24.303788214837724,93.45382364527704,2191.821511642686,9.143101130012443,150.83755643038253,-0.02128984862726303,0.2499898049240471,1.0,0.0,0.3328027834660047,0.3075700362625911,0.07860611865577972
Z10,Dimapur Hills Sector 1,Dimapur,Nagaland,25.917213804502524,93.76693969089857,2442.7422066125905,9.403860070327973,287.8903764369117,1.719827483836256,0.1895981891647723,2.0,2.0,0.9752644208639647,1.910912181439665,0.00014916063719325393
Z11,Cherrapunji Sector 1,East Khasi Hills,Meghalaya,25.391429207138344,91.74465081485384,1992.8250576215617,15.212722456722444,268.60459686744406,0.2993019467457307,0.2740984016864531,0.0,2.0,0.6551806946575678,4.810447750025262,0.38858469382864824
Z12,Lunglei Sector 1,Lunglei,Mizoram,22.905433865303824,92.77210682770338,356.8063208498379,11.573737141406163,346.7728449445286,1.1852223376591389,0.08713248336205781,2.0,1.0,0.4833099836889815,0.1741860502871154,0.010343082482230091
Z13,Kohima Sector 2,Kohima,Nagaland,25.605590488215434,94.07394392828269,1968.8829717714043,14.335550213166876,293.6132773674881,2.431033847279958,0.46337605659737446,0.0,2.0,1.0,1.2206138517866751,0.007103700682105241
Z14,Shillong Sector 2,East Khasi Hills,Meghalaya,25.688204032166627,91.81006989245354,2981.930512460951,11.698519450262708,157.51882198486894,0.20512247923359636,0.17455824364512276,1.0,2.0,0.648410675353528,3.0299683433018094,0.005250633421359243
Z15,Aizawl Sector 2,Aizawl,Mizoram,23.688453681259862,92.60288527117694,336.0774462310152,34.39836248821314,79.5688149277638,-0.49986497906106975,0.6774419095742058,2.0,2.0,0.4615043510882232,2.915354199226487,0.2807967249503421
Z16,Gangtok Sector 2,Gangtok,Sikkim,27.34449378551782,88.63425207381093,3083.350887490762,13.931549333947567,260.4950734568077,0.05853365362562638,0.4561589422861053,0.0,1.0,0.5948921303713612,0.5522569129950807,0.10019671121736128
Z17,Itanagar Sector 2,Papum Pare,Arunachal Pradesh,26.98440789923107,93.53081382598937,1403.2400990105325,8.315163617201536,296.35877066638466,-1.5183791122855834,0.2953481501187716,3.0,0.0,0.7260841480526985,0.690719014891321,0.054741773659207106
Z18,Imphal Sector 2,Imphal West,Manipur,24.83585439184122,94.05771423030086,3193.0153420307693,6.961053748681666,99.30803068194393,-1.4717516268820516,0.010133986355631591,0.0,0.0,0.746829614807196,1.3022693919671,0.22204602065246834
Z19,Guwahati Sector 2,Kamrup Metro,Assam,26.12136451294,91.72960847493161,1575.6413107202895,25.180303584590646,324.96847515052593,-0.2511749626538214,0.4271948561800978,3.0,1.0,0.4483973361052231,0.10100627151619124,0.03380222144433153
Z20,Tawang Sector 2,Tawang,Arunachal Pradesh,27.649810337906903,91.86012724257338,2853.868639288226,23.06053450972451,144.0538919257883,-0.7843832661180918,0.5689422361664339,1.0,0.0,0.5680578408694222,0.0343335678685464,0.11994400793248419
Z21,Churachandpur Sector 2,Churachandpur,Manipur,24.22860189355601,93.76212692125193,1678.9772940591338,21.280727927132656,159.34491851377462,1.5530492762910244,0.3626937942962367,2.0,3.0,0.7022131455939469,1.1872147392448646,0.11550887488475099
Z22,Dimapur Hills Sector 2,Dimapur,Nagaland,25.996755225963966,93.84316148662633,1462.114599826855,15.524314450733756,89.78598032984758,0.8091371626792125,0.30046265903740216,2.0,1.0,0.34901123754452495,4.234532482732171,0.06329631132878198
Z23,Cherrapunji Sector 2,East Khasi Hills,Meghalaya,25.350161818058254,91.73993766931764,1607.9800200998184,13.78944316431085,265.8404368059671,1.2640294155772416,0.3720514091682702,3.0,2.0,0.6392623454648201,1.68265489318315,0.03761740049025172
Z24,Lunglei Sector 2,Lunglei,Mizoram,22.926622299549475,92.72728362745825,3078.450823918937,15.334034728900548,114.32202834718738,-0.8050963031422628,0.32503037906700266,0.0,3.0,0.5013761916849503,1.518813191378955,0.07156514915567051
Z25,Kohima Sector 3,Kohima,Nagaland,25.60063309438649,94.1549897081796,2676.2430062400645,25.927424163750054,316.319664667125,0.4914655020796892,0.5369704101099266,3.0,2.0,0.4126291648459892,0.4431079985994688,0.11338501981757886
Z26,Shillong Sector 3,East Khasi Hills,Meghalaya,25.544028014702114,91.94122670696451,1682.1471243256153,14.824581233124983,28.406301639956617,1.0167751820191686,0.17297350527244768,3.0,2.0,0.7031233829955114,4.135796923476192,0.16457057805713515
Z27,Aizawl Sector 3,Aizawl,Mizoram,23.692855702750478,92.65884529648552,2125.6753692007633,18.165112047918754,266.23316457726554,-1.3476287271790695,0.3368860521885419,3.0,2.0,0.5822242524107618,0.007854014745744401,0.07237148422276214
Z28,Gangtok Sector 3,Gangtok,Sikkim,27.38167519940498,88.68859963154402,2094.6364688803546,15.827206169865237,187.4740885566657,0.37900816982680163,0.6030377693354798,3.0,2.0,0.8130172614334541,3.335091357916383,0.13602185322739732
Z29,Itanagar Sector 3,Papum Pare,Arunachal Pradesh,27.018067030461037,93.61121357466024,1496.8436192627253,14.640023110903623,51.71057559375094,0.48405922854984557,0.3042980019743255,3.0,3.0,0.7147057385434477,1.0167521917587747,0.0194935855345212
Z30,Imphal Sector 3,Imphal West,Manipur,24.82356295393763,93.99318558305507,1715.6383506327568,13.875668245570605,290.7588360067355,0.534155823076657,0.17456607085083586,3.0,1.0,0.42118939645224635,2.233784793137853,0.008804940089588098
Z31,Guwahati Sector 3,Kamrup Metro,Assam,26.15560387147071,91.63988929045267,2517.1126484827305,4.595146597596941,227.95281902098154,-1.3547027923621517,0.23708049101477013,2.0,1.0,0.7356479766766407,0.15620607631117536,0.1343422389947605
Z32,Tawang Sector 3,Tawang,Arunachal Pradesh,27.70900066820367,91.8462991296481,1693.6488026223908,27.770469381862192,214.97273930268472,-0.8276915439589282,0.777732866740467,1.0,1.0,0.8131816519335524,1.1391577227061864,0.006586629211600444
Z33,Churachandpur Sector 3,Churachandpur,Manipur,24.406379561370304,93.75318558432694,2401.695218995034,19.146321285874723,105.39927389849724,-0.3005401156390509,0.17371330844480412,2.0,1.0,0.63782413193232,0.20072974599426094,0.10386383739789484
Z34,Dimapur Hills Sector 3,Dimapur,Nagaland,25.89101675562973,93.69772635947615,395.15431178862553,15.288674283073094,315.1662028665721,-1.0942001191387345,0.36371122268644507,0.0,3.0,0.5932211314370308,0.20545230652248975,0.03856370814663368
Z35,Cherrapunji Sector 3,East Khasi Hills,Meghalaya,25.22963068844476,91.59719057344356,1868.265503105343,10.814142175378858,186.4014411102551,1.6132559868143939,0.025685342181842152,2.0,2.0,0.734216075988002,5.6099129858744075,0.12462739602333328
Z36,Lunglei Sector 3,Lunglei,Mizoram,22.97640055424169,92.6856469619539,2820.7319576768264,5.04035848552231,269.65820117311256,0.4466625343905728,0.08367472731821071,2.0,2.0,0.41990460515379563,5.89161539588595,0.029205087203461367
Z37,Kohima Sector 4,Kohima,Nagaland,25.74644281389392,94.10485518673359,2029.3279528187932,13.76067576746781,350.6962196571029,-0.5832640554948183,0.33306275748534986,3.0,1.0,0.75110919592906,1.8606750602418365,0.12455151340402076
Z38,Shillong Sector 4,East Khasi Hills,Meghalaya,25.529255522002668,91.83522258713795,1328.9670122266061,15.1349188888129,294.1143199362237,-0.8400027276070414,0.10326833660465487,3.0,1.0,0.48309941829105724,4.401954183970212,0.020863216102813317
Z39,Aizawl Sector 4,Aizawl,Mizoram,23.627917415902218,92.6755421471107,289.72012152421485,8.280143085025259,206.67572097050402,0.5155853235855765,0.12322555947561448,2.0,3.0,0.5631170609905918,0.3962283755040784,0.12024740966157371
Z40,Gangtok Sector 4,Gangtok,Sikkim,27.372445215031554,88.59512737167621,1042.5344735103608,15.647692167297134,110.18609104131619,-0.5528809762191923,0.2746374727900451,3.0,2.0,0.6422837138929809,2.283266203979014,0.02050946186691091
Z41,Itanagar Sector 4,Papum Pare,Arunachal Pradesh,27.144508887149108,93.55667868404664,1415.4842177195303,19.272344224134642,352.75650591558355,0.10459365888966403,0.541997610024439,2.0,2.0,0.5468329067825513,0.06601162666170068,0.009466681955049197
Z42,Imphal Sector 4,Imphal West,Manipur,24.89548750654199,93.82288507516573,2897.0128816178867,28.88567291890638,206.7257736535455,-0.20450809568656644,0.664577331223469,2.0,3.0,0.45638943802112986,1.2832555990059242,0.1330497682877255
Z43,Guwahati Sector 4,Kamrup Metro,Assam,26.222457424402734,91.83794432926156,3187.049188593992,15.079962078882865,283.69457707540215,-0.6759577224307626,0.4379823213563258,1.0,0.0,0.4255313511268051,0.170678882792523,0.14820997071545627
Z44,Tawang Sector 4,Tawang,Arunachal Pradesh,27.550428303738435,91.8572010995027,2990.657496610642,26.3374771384457,255.51418071537896,-1.2347402937750922,0.32551622984464157,1.0,0.0,0.5066081821886224,2.0716432408743524,0.010871891806603258
Z45,Churachandpur Sector 4,Churachandpur,Manipur,24.252929661053656,93.64750949903349,1651.167452475495,19.787876619961438,314.89589702709435,2.040263376569854,0.49252970675583757,3.0,2.0,0.6680152277850281,1.057842725333751,0.004946386185068622
Z46,Dimapur Hills Sector 4,Dimapur,Nagaland,25.924510935603795,93.7699553519857,162.40307668389391,15.049788705904934,284.28333392522245,0.20293934903694621,0.3167282764322473,2.0,1.0,0.8009559081651565,0.0868579636473358,0.0903580381468108
Z47,Cherrapunji Sector 4,East Khasi Hills,Meghalaya,25.280425718761002,91.73826884613541,861.4669481154244,19.00954586810212,55.90815077304717,0.5947724049881263,0.20773327843046543,2.0,0.0,0.8320152269014903,2.632992149027217,0.054971215545429386
Z48,Lunglei Sector 4,Lunglei,Mizoram,22.853881228205008,92.69395157755578,1688.8463565235757,33.45293374625256,68.45931733031767,-0.7781325036278407,0.36803395685650075,3.0,2.0,0.38167582945879364,1.6456203965419627,0.21960047483206538
